Prior.,Resp.,Processo Instrutivo,Processo Cotação,Objeto,Fase,Situação,Fonte dos Recursos,Estimativa Gasto em 2024,Dispensa de Licitação,"Emissão da ETP, do TR e convocação do GT",Análise TR pelo GT,TR ajustado,Consulta Pública,Esclarecimentos e TR ajustado,Cotação concluída e homologada,TR aprovado no DOM,Emissão SD e Reserva,Emissão do Edital,Análise do Edital pelo Jurídico,Edital/TR ajustados,Análise SUBGCC e CODESP,Publicação do Autorizo e do Edital no DOM,Sessão do Pregão,Análise documentação,Qualificação Técnica,Homologação Técnica,Recursos e contra-recursos,Pregão homologado no DOM,Ata RP publicada no DOM,"Emissão e publicação da NAD
(5 dias para adesão RP)","Empenho
e Emissão do Contrato",Aprovação da CJU,Assinatura do Contrato,Entrega dos produtos/ incio dos serviços,Prazo Implantação / Entrega,,
prazos estimados,,,,,,,,,,,4,2,10,2,12,1,2,4,4,1,10,2,8,1,3,10,11,1,2,4,4,4,4,,,,
,ACS,IPL-PRO-2024/00016,"N/A
Dispensa de Licitação",Aquisação de equipamentos audivisuais,Concluído,"Contratação concluída.  Com a bertura do orçamento será providenciada a emissão de reserva e empenho.
Em 02/02, encerrada pesquisa de preços.
Em 25/01, processo encaminhado à área demandante homologar as Atas de RP.
Obtidas quatro propostas.
Em 12/01 emitida nova versão de TR para cotação.
Em 11/01, autuado processo com TR ajustado.
Em 09/01, TR aprovado pelo GT.",,,S,12/22/2023,1/9/2024,1/12/2024,N/A,N/A,2/2/2024,-,-,N/A,N/A,N/A,N/A,N/A,N/A,N/A,N/A,N/A,N/A,N/A,N/A,-,-,-,-,2/19/2024,5,,
,EEGP,IPL-PRO-2023/00456,IPL-PRO-2023/00460,"PE 90011/2024
Licenciamento JIRA
Licença trial até 06/03/24
Contrato terminou em 21/12/23",Concluído,"Em 07/03, publicado o extrato do Contrato.
Em 29/02 encaminhada à CJU para aprovação da minuta do Contrato e retornado em 01/03.
Em 27/02, prestada a garantia contratual.
Em 15/02 enviado à CJU para aprovação da minuta do contrato e instrução processual. Retornado em 21/02.
Em 02/02, homologado em favor da licitante MLV PRODUTOS E SERVIÇOS EM TECNOLOGIA DA INFORMAÇÃO LTDA, com o valor total de R$ 419.180,00.
Próxima sessão no dia 31/01 às 14:00hs, quando será aberto o prazo de intenção de recurso.
Aberto o prazo de 29/01 até 30/01 para entrega dos docs na nossa sede. 
 A licitante MLV foi habilitada com o valor total de R$419.180,00.  
 PE 90011/2024 agendado para o dia 23/01 às 14:00hs.
Em 15/01, publicada resposta aos questionamentos dos licitantes.
Em 06/01, publicada aprovação do TR.
Em 05/01, resposta do EEGP e emissão de TR atualizado.
Em 02/01 ao EEGP para esclarecimentos demandados pela CJU.
Em 29/12, análise da CJU.
Em 08/12 encaminhado para a aprovação do edital pela CJU.
Em 30/11 foi encaminhado para homologação do Mapa de Preços.
Elaboração do Mapa ( previsão até 29/11)
Obtidas quatro cotações. Duas deferidas, uma indeferida e outra para correção do período considerado.  Até 14/11 serão encaminhadas atas de RP para homolocação e finalização da pesquisa de preços.
Ato risco de  ultrapassar este exercício.
Após ajuste no TR e reenvio às empresas (26/10), surgiram novos questionamentos que foram encaminhados ao Demandante. Sem propostas válidas até o momento.
Em cotação desde 28/09.
Em 28/09 emitido TR após GT.
Processo instrutivo autuado em 25/09.
TR emiitdo em 11/09 e GT reagendado para 21/09.",PNAFM,"R$ 419.180,00",N,-,-,-,N/A,N/A,-,-,-,-,-,-,N/A,-,-,-,-,N/A,-,-,N/A,-,2/15/2024,3/1/2024,3/6/2024,3/7/2024,1,,
,DSI,IPL-PRO-2023/00331,IPL-PRO-2023/00430,"PE Nº 1061/2023
Nova Plataforma de Correio Eletrônico, Video Conferência, Disco Virtual e Mensageria",Concluído,"Em 12/03, publicado EXTRATO DA ATA DE REGISTRO DE PREÇOS Nº 001/2024
Homologação do pregão publicada em 06/03.
Julgado improcedente o recurso interposto pela licitante XERTICA BRASIL LTDA, mantendo como habilitada e vencedora a licitante RJR SERVIÇOS DE INFORMÁTICA LTDA, com o valor total de R$6.224.194,92. 
O recurso e a contrarrazão foram anexadas no site. Na fase de julgamento de 23/02 até 07/03.
Na sessão realizada no dia 08/02, houve intenção de recurso da licitante XÉRTICA. Recurso de 15/02 até 19/02, contra recurso de 20/02 até 22/02.
A licitante RJR foi aprovada na análise dos docs de habilitação. Na sessão de 05/02 aberto o prazo de 2 dias úteis para a entrega dos docs físicos.
A licitante RJR, segunda colocada ofertou R$6.254.220,00, com  R$96.382,92  a mais que a primeira colocada.
A licitante XERTICA foi inabilitada tecnicamente
A licitante XERTICA venceu a etapa de lances com o valor total de R$6.127.812,00. 
Pregão reagendado para 23/01 as 10hs.
Em 04/01 publicada aprovação do novo TR.
Em 29/12 emitido TR atualizado.
Edital publicado e licitação agendada para dia 26/12. 
Em 04/12 Propostas revalidadas e  Edital sendo ajustado para a publicação do PE ( aguardando a autorização formal).
Suspenso até que a administração da PCRJ autorize a contratação da solução.
Em 29/09, Edital retornado da CJU e encaminhado a DPN/GTP atender aos apontamentos em relação ao TR.
Em 13/09, Edital encaminhado à CJU. Agd. aprovação do crédito orçamentário.
 Definidos preços do SGD e cotado item de serviço.
 TR atualizado em 30/08 e aprovação publicada em 05/09. DSI/GPT deverá indicar o preço que será utilizado como referência com base no SGD Goole.",PNAFM,"R$ 5.037.616,00",N,-,-,-,N/A,N/A,-,-,-,-,-,-,N/A,-,-,-,2/7/2024,N/A,3/5/2024,3/6/2024,3/12/2024,3/13/2024,3/19/2024,3/26/2024,4/3/2024,4/17/2024,10,,
,DSI,IPL-PRO-2023/00166,IPL-PRO-2023/00289,"PE 711/2023
RP Atelie de Software
 Desenvolvimento e Manutenção de Sistemas por alocação de profissionais.",Revogado,"Em 07/03 publicada revogação do pregão.
Em 05/02, empresa HITSS questiona sobre o status da homologação do Pregão e processo encaminhado à CJU para validar a decisão de não homologação do certame.
Em 19/01 foi encaminhado um oficio a empresa HITSS (negociação).
PRES orientou à DSI para negociar o preço com vistas a reduzir a distância da primeira proposta, desqualificada tecnicamente.
Em 26/12 publicado o resultado em favor da HITSS Brasil. 
Houve intenção de recurso das licitantes MTECH, EXTREME, TO BRASIL E TARUMA. As licitantes EXTREME, TO BRASIL E TARUMA entraram com recurso. O julgamento do recurso da MTECH será feito pelas razões apresentadas na intenção de recurso. Contra recurso de 07/12 até 11/12 e julgamento de 12/12 até 21/12.
Na sessão do dia 01/12, houve intenção de recurso. Prazo recurso de 04/12 até 06/12, contra recurso de 07/12 até 11/12 e julgamento de 12/12 até 21/12.
Aberto o prazo até o dia 28/11 para a licitante HITSS apresentar as certidões do 1 e 2 registros de interdições e tutelas. Próxima sessão no dia 28/11 às 14:00hs.
A licitante TO BRASIL foi inabilitada tecnicamente. Foi convocada a licitante HITSS (sexta colocada). Na sessão de 14/11 foi aberta diligência para esclarecer o escopo de um atestado técnico.
A licitante TO BRASIL anexou a planilha de custos readequada. A sessão do PE 711/2023 Ateliê de software foi suspensa para análise dos docs e retornará no dia 06/11 as 14:00hs.
A EXTREME foi inabilitada tecnicamente. Convocada a quinta colocada (TO BRASIL)  com o valor total de R$85.188.960,00. Aguardando a proposta e a planilha de custos com os valores retificados.
 O José Renato solicitou a extensão do prazo da diligência e portanto a sessão  foi adiada para o dia 27/10 às 14:00hs.
Próxima sessão no dia 23/10 as 14hs.
Na sessão de 17/10 foi solicitada a abertura de diligência nos atestados 1, 2, 5 e 7. 
 Próxima sessão no dia 17/10 às 14:00hs.gunda colocada (M TECH) foi inabilitada por não alcançar os índices no balanço patrimonial e inabilitada tecnicamente. A terceira colocada (THS) foi inabilitada tecnicamente. Os documentos da licitante EXTREME (4 colocada) estão em análise. 
Em 04/10 convocada a terceira colocada.  Proposta e documentação serão analisados. 
Devido a instabilidade no site comprasnet, a sessão foi suspensa para 04/10 as 10:00hs. Só foi inabilitada a segunda licitante, mas não foi possível chamar a terceira licitante para negociar e nem abrir  a solicitação de anexo para a inclusão da proposta atualizada. 
A sessão foi suspensa até o dia 03/10 às 14:hs para análise da documentação da licitante M TECH que será desclassificada por não atender os indices financeiros e por questões técnicas.
A licitante TARUMA foi inabilitada tecnicamente. 
Pregão agendado para o dia 22/09 as 10:00hs. 
Cotação revalidada em 05/09. TR atualizado publicado em 04/09. Foi aprovado em 30/08. Em 22/08 à DPN para ajustes no TR e esclarecimentos solicitados pela ",,,N,-,-,-,-,-,-,-,-,-,-,-,N/A,-,-,-,-,N/A,-,-,-,-,-,-,-,-,-,,
,DOP,IPL-PRO-2023/00592 ,"N/A
Dispensa de Licitação",Aquisição de 3 placas e um disco de storage para atender o contrato com a PGM,Orçamento,"Processo de 2023 arquivado.
Agd. abertura do orçamento e realização de nova pesquisa de preços para comprovação dos valores de mercado.
 Considerando o disposto na Resolução CGM nº 1943/23, tendo em vista o presente processo tratar de aquisição de material e peças de informática e para que os empenhos pudessem ser inscritos em Restos a Pagar Não Processados  viabilizando o pagamento da despesa, a entrega deveria ser efetuada em DEZEMBRO/23, o que não ocorreu . Uma das empresas alegou não ter em estoque o material  e a outra veio entregar agora em janeiro mas com fatura emitida nesse ano, o que não poderia ser liquidado e pago com o empenho emitido em 2023.    ",,,S,-,-,-,N/A,N/A,-,-,2/26/2024,N/A,N/A,N/A,N/A,N/A,N/A,N/A,N/A,N/A,N/A,N/A,N/A,2/27/2024,3/4/2024,3/8/2024,N/A,3/25/2024,10,,
,DAF,IPL-PRO-2023/388,"N/A
Adesão à Ata RP",Aquisição de papel A4,Orçamento,"Processo de 2023 arquivado.
Agd. abertura do orçamento  para adesão à Ata de RP número 121/2023, celebrada pela RIOSAUDE em 20/10/2023, com vigência até 19/10/2024, da qual a IplanRio figura como órgão participante.",,,S,-,-,-,N/A,N/A,-,-,2/26/2024,N/A,N/A,N/A,N/A,N/A,N/A,N/A,N/A,N/A,N/A,N/A,N/A,2/27/2024,3/4/2024,3/8/2024,3/14/2024,3/21/2024,5,,
,PRES,IPL-PRO-2024/00181,"N/A
SDP",Cadeira para o Presidente,Contratação,"Compra será realizada por SDP.
Cotações aprovadas.",,,S,-,-,-,-,-,-,-,-,-,-,-,-,-,-,-,-,-,-,-,-,-,-,-,-,-,-,,
,DOP,IPL-PRO-2023/00254,IPL-PRO-2023/00426,PE 0914/2023 Solução de Gestão de Contas Privilegiadas (PAM) baseada em Cofre de Senhas,Contratação,"24/04/2024 - Contrato assinado.
25/04/2024 - Extrato contratual publicado.
Em 09/04, concluída análise da CJU.
Em 03/04, minuta do Contrato à CJU para aprovação. 
Incluído despacho ( IPL-DES-2024/02280) do UEM-PNAFM.  Aguarda a liberação dos recursos para 2024, que segundo consta no despacho, já foi encaminhada para análise e aprovação pela CPFGF
Em 13/03 publicada homologação do certame.
Em 08/03 publicada decisão, mantendo como habilitada e vencedora a licitante FUTURE TECHNOLOGIES INFORMATICA LTDA, com o valor total de R$497.624,96.
Em 06/03, Pregoeiro fundamentou a análise final e enviou para o DAF decidir o recurso.
No dia 20/02, a DOP confirmou que a solução apresentada pela DFTI atende ao TR. Pregoeiro vai finalizar a análise do recurso e enviar à DAF para julgamento.
A licitante DFTI respondeu aos questionamentos e as respostas foram encaminhadas à DOP  em 29/01.
DOP realizou diligência na documentação técnica da licitante DFTI, para resposta aos recursos.
O processo foi encaminhado à DOP em 22/12 por sugestão da CJU, com a finalidade de melhorar o embasamento da decisão sobre a habilitação da licitante FUTURE. 
Em 05/12 intenção de recursos das licitantes DFTI e INFOSAFE.
A licitante FUTURE foi habilitada.
Pregão agendado para o dia 24/11 as 10:00hs( em andamento).
Edital à CJU em 26/10.  Retornado em 02/11 e encaminhado à DOP para ajustes no TR.
Em 18/10, Mapa aprovado pela DOP.
Em 16/10 finalizado o Mapa de Preços. 
Em 09/10 realizando a pesquisa em Atas para a finalização do Mapa de Preços, já foram homologadas pela DOP  as 3 propostas (Netcenter, Infosafe e Future).
Em 29/09 recebemos a proposta da Netcenter (temos 2 propostas válidas)
Obtida uma cotação até o momento (INFOSAFE).
Em 15/09 emitido TR atualizado para nova cotação.
Aguardando o recebimento na nova versão do TR.
TR será ajustado para permitir licenciamento perpétuo e por subscrição. 2 propostas aprovadas e 1 indeferida.
  Em cotação desde 29/06",PNAFM,"R$ 780.000,00",N,-,-,-,N/A,N/A,-,-,-,-,-,-,N/A,-,-,-,-,N/A,3/8/2024,3/13/2024,N/A,4/3/2024,4/3/2024,4/9/2024,4/15/2024,5/2/2024,10,,
,DOP,IPL-PRO-2024/00217 ,"N/A
Dispensa",Remoção cabeamento e materiaIs das salas do Teleporto,Cotação,"Serviço embutido na desmobilização das salas a ser realizado pela VALIA.
Em 15/04 emitido TR atualizado.
Em 05/04, TR analisado pela CJU.
TR emitido em 02/04 e analisado pela DAF.",,,S,4/2/2024,4/5/2024,4/15/2024,N/A,N/A,5/9/2024,5/10/2024,N/A,N/A,N/A,N/A,N/A,N/A,N/A,N/A,N/A,N/A,N/A,N/A,N/A,5/13/2024,5/17/2024,5/23/2024,N/A,6/3/2024,5,,
,DAF,??,"N/A
Dispensa",Empresa reforma  salas Teleporto e sala 307,TR,"Recebidas três proposta de empresa selecionas pela VALIA com preços bem inferiores ao apresentado pela Puertas.  Serviço será realizado pela VALIA e custo será pago junto com a entrega das chaves,
Recebida cotação da Puertas Engenharia para adaptação das salas do Teleporto. Agd. o envio da proposta das três empresas indicadas pela VALIA.",,,S,3/18/2024,3/25/2024,3/27/2024,N/A,N/A,4/19/2024,4/24/2024,N/A,N/A,N/A,N/A,N/A,N/A,N/A,N/A,N/A,N/A,N/A,N/A,N/A,4/25/2024,5/2/2024,5/8/2024,N/A,5/15/2024,5,,
,PRES,IPL-PRO-2023/00489,IPL-PRO-2024/00090,Locação de dois veículos com condutor e combustível ,Contratação suspensa pela nova Administração,"Em 21/03, Edital enviado à CJU para aprovação.
Em 19/03 concluída a cotação.
Em 15/03, três propostas e uma Ata RP homologadas.
Em 29/02 TR atualizado com a remoção da indicação de condutor na descrição dos itens 1 e 3 da tabela I e do Anexo III em razão de questionamento do fornecedor se seria contratado condutor adicional para cada veículo.
Em 16/2 emitido TR ajustado após análise da CJU e demanda reduzida em razão da adesão á Ata RP RIOSAUDE 78/2023.
Em 02/02 enviado TR para análise da CJU.
Em 18/01 emitido TR para aprovação da DAF e submissão à CJU. Recomendada  que o veículo para  PRES seja sem motorista.
Em 02/01 emitido novo TR para 03 veículos para validação do escopo pela Diretoria.
MultiRio disponibilizou adesão ao RP da Rio Saúde para um veículo.",,,N,-,-,-,N/A,N/A,-,-,-,3/21/2024,4/1/2024,4/3/2024,N/A,4/5/2024,4/19/2024,4/24/2024,4/29/2024,N/A,5/21/2024,5/23/2024,N/A,5/24/2024,6/3/2024,6/7/2024,6/13/2024,7/15/2024,22,,
,DAF,IPL-PRO-2024/00220,"N/A
Dispensa",As Caixas de papelão serão fornecidas como empréstimo pela empresa de mudança.  As caixas tipo BOX a a fita autoadesiva serão adquridos por SDP.,Cotação,"Cotação iniciada em 16/04.
Em 11/04, TR analisado pela CJU.
TR emitido em 11/04 para análise da CJU.",,,S,4/11/2024,4/11/2024,4/15/2024,N/A,N/A,5/9/2024,5/10/2024,N/A,N/A,N/A,N/A,N/A,N/A,N/A,N/A,N/A,N/A,N/A,N/A,N/A,5/13/2024,5/17/2024,5/23/2024,N/A,6/3/2024,5,,
,DAF,??,"N/A
Dispensa","Em 06/05, CTP informou que não será necessário pois os equipamentos são bivolt.
Conversor de tensão para os registradores de ponto eletrônico
",TR,Os conversores para as impressoras serão fornecidas pela Contratada.,,,S,3/18/2024,3/25/2024,3/27/2024,N/A,N/A,4/19/2024,4/24/2024,N/A,N/A,N/A,N/A,N/A,N/A,N/A,N/A,N/A,N/A,N/A,N/A,N/A,4/25/2024,,,,,,,
,DAF,IPL-PRO-2024/00043 ,IPL-PRO-2024/00050,Fibra  Ótica para o prédio da Sul América,Concluído,"Em 10/05 contrato celebrado e emitido o Memorando de Início dos Serviços.
Em 02/05 emitida análise da CJU.  O processo será instruído conforme orientações da CJU.
Em 18/04 encaminhado o processo para aprovação da CJU.
Em 170/04 publicado crédito orçamentário solicitado no IPL-EIO-2024/00006.
Em 02/04 publicada autorização de contratação da Empresa FNT TELECOMUNICAÇÕES E ACESSO A REDES DE INTERNET LTDA 
Em 26/03 SECONSEVA respondeu não haver óbice que a contratação seja feita pela IPLANRIO.
Em 12/03, SMI encaminhou o ofício à SECONVERVA.
Em 01/03 encaminhado IPL-OFI-2024/00088 à SMI questionando se a IPLANRIO pode contratar este tipo de serviço, ou se a mesma tem que ser realizada pela SMI.
Obtidas propostas: FASTCOM - R$ 132.500,00
FNT - R$ 89.000,00
TI INFORMATICA - R$ 167.320,00
Agendadas visita técnica para obtenção de novas propostas.
Em 19/02, DOP encaminhou propostas homologadas das empresas  Fastcom, TI Informática e FNT Telecom, mas os preços estão muito acima da estimativa indicada no ETP.
Em 16/01, análise emitida pela DAF.
Em 08/01 emitido o TR e submetido ao GT.",,"R$ 30.000,00",S,-,-,-,N/A,N/A,-,-,-,N/A,N/A,N/A,N/A,N/A,N/A,N/A,N/A,N/A,N/A,N/A,N/A,-,4/18/2024,5/2/2024,5/10/2024,5/23/2024,15,,
,DAF,IPL-PRO-2024/00219 ,"N/A
Dispensa",Empresa mudança,Concluído,"Reserva emitida em 08/05.
Cotação concluída em 03/05.
TR emitido em 24/04 e analisado pela CJU em 25/04.",,,S,4/24/2024,4/25/2024,4/25/2024,N/A,N/A,5/3/2024,5/6/2024,N/A,N/A,N/A,N/A,N/A,N/A,N/A,N/A,N/A,N/A,N/A,N/A,N/A,5/15/2024,N/A,5/21/2024,N/A,5/28/2024,5,,
,DOP,IPL-PRO-2023/00212,IPL-PRO-2023/00292,"PE 90055/2024 
Manutenção da infra do DC
 demanda aprovação pela CODESP
Contrato termina em 17/12/23
",Concluído,"Em 17/05, CJU emite parecer da instrução processual e alerta da necessidade de apresentação da comprovação do vinculo empregatício para celebração do Contrato.
Em 10/05 publicada autorização para empenhamento.
Homologação publicada em 26/04.
Após a análise da documentação da licitante RW efetuada pela licitante VIRTUAL, a mesma desistiu de interpor recurso. 
Na sessão de 16/04, houve intenção de recurso contra a habilitação da licitante RW. Prazo recurso até 19/04, contra recurso de 24/04 a 26/04 e julgamento de 29/04 até 10/05.
Na sessão realizada em 10/04, a licitante RW foi habilitada na análise da documentação anexada no site. Foi aberto o prazo de até 02 (dois) dias úteis para a entrega dos docs originais. 
Na sessão de 08/04, a licitante VIRTUAL foi inabilitada. A licitante RW foi convocada e anexou os documentos no site. Sessão suspensa até 10/04 às 14:00hs para análise dos docs e dos valores apresentados.
Na sessão de 02/04, convocada a licitante VIRTUAL para negociação e anexar os docs no site. A mesma informou que já está no seu valor limite e anexou os documentos. Sessão suspensa para análise até 05/04 às 14:00hs.
O recurso da licitante RW INSTALAÇÃO E MANUTENÇÃO DE AR-CONDICIONADO LTDA foi acatado, sendo agendada nova sessão no dia 02/04/2024 às 10:0
Na sessão de 11/03, a licitante RW registrou a intenção de recurso. Recurso de 12/03 a 14/03, contra recurso de 15/03 a 19/03 e julgamento de 20/03 a 03/04. 
Em 06/03 a licitante GLS foi habilitada na análise da documentação anexada no site. Aberto o prazo de 02 dias úteis para a entrega dos docs na nossa sede. 
Em 29/02 a licitante LAUDOS ENGENHARIA foi inabilitada. Convocada a licitante GLS (4 colocada) para anexar os documentos de habilitação no site. Sessão suspensa até 04/03 às 14:00hs para análise dos docs anexados.
A sessão foi suspensa até o dia 28/02 às 14:00hs para análise dos docs anexados. Na sessão de 26/02, a licitante GEMELO declinou da proposta, alegando que o valor estava inexequível. Foi convocada a licitante LAUDOS ENGENHARIA ( 3 colocada). 
Próxima sessão no dia 23/02 às 14:00hs.pulados. Foi convocada a licitante GEMELHO (2 colocada - valor total de R$2.616.790,30) e mesma anexou os docs no site para análise. 
Pregão agendado para 20/02 as 10:00hs.
Em 22/01 retornou da CODESP  equipe está analizado o voto
.Em 05/01, retornado à CODESP com os esclarecimentos.
Em 27/12, voto da CODESP em diligência.
Em 11/12 a SUBGGC encaminhou para CODESP.
Em 30/11 processo enviado a SUBGGC (CODESP) .
Em 24/11 encaminhado para a CJU( análise do Edital).
 A empresa de menor valor encaminhou o Anexo II preenchido e a DOP definiu pela adoção da média das cotações.
 Recebidas quatro propostas, três homologadas.
Em 03/10, emitida nova versão do TR com redução do escopo para reinicio da cotação.
Em 13/09, DAF enviou sugestões de ajustes no TR e alguns questionamentos. 
Em 12/09, emitido alerta à DOP. 1 proposta ( que já foi enviada para homologação) até o momento e promesssa de segunda proposta,
  Em cotação desde 23/06.",Fonte 200,"R$ 2.502.923,17",N,-,-,-,-,-,-,-,-,-,-,-,-,-,-,-,-,N/A,-,4/26/2024,N/A,5/10/2024,5/16/2024,5/22/2024,5/28/2024,6/6/2024,5,,
,DOP,IPL-PRO-2024/00194,"N/A
Inexigibilidade","Gerenciamento de Impressão ASG
Contrato terminará em 08/05/24",Concluído,"Pendente justificativa de preço.
Recebido em 15/04 manifesto de exclusividade da empresa. 
Em 25/03, TR analisado pela DAF.
Em 20/03, TR analisado pela CJU.
Em 19/03, ETP e TR emitidos para análise pelo GT.",,,Inexib.,3/19/2024,3/25/2024,3/26/2024,N/A,N/A,4/18/2024,4/19/2024,N/A,N/A,N/A,N/A,N/A,N/A,N/A,N/A,N/A,N/A,N/A,N/A,N/A,5/21/2024,5/27/2024,6/4/2024,N/A,6/4/2024,0,,
,DAF,IPL-PRO-2024/00218 ,"N/A
Dispensa",Eletrodomésticos 220V,Concluído,"Excetuando as geladeiras que demanda descontigenciamento orçamentário, os demais itens serão contratados e as reservas emitidas em 13/05.
Em 13/05, cotação concluída.
TR analisado pela CJU em 16/04.
Em 15/04 enviado TR para o GT.
Em 09/04 TR emitido para aprovação da DAF/GIL.",,,S,4/15/2024,4/16/2024,4/16/2024,N/A,N/A,5/13/2024,5/14/2024,N/A,N/A,N/A,N/A,N/A,N/A,N/A,N/A,N/A,N/A,N/A,N/A,N/A,5/15/2024,N/A,5/21/2024,N/A,5/28/2024,5,,
,ACS,IPL-PRO-2024/00265,"N/A
Dispensa",Projeto e implantação comunicação visual CCN,Concluído,"Reserva emitida em 17/05.
Cotação concluída em 08/05.
Cotação sendo realizada pela ACS.
Em 20/03 TR analisado pela CJU.
Em 15/03, TR analisado pela DAF.
Em 14/03, emitido o TR.

",,,S,3/14/2024,3/20/2024,3/25/2024,N/A,N/A,5/8/2024,5/9/2024,N/A,N/A,N/A,N/A,N/A,N/A,N/A,N/A,N/A,N/A,N/A,N/A,N/A,5/10/2024,N/A,5/16/2024,N/A,5/23/2024,5,,
,DAF,IPL-PRO-2023/00105,IPL-PRO-2023/00111,"PE 90169/2024
Serviços de apoio operacional",Concluído,"Após análise do Pregoeiro e da Consultoria Jurídica, o recurso interposto pela licitante IMPROL, contra a habilitação da licitante FACILITA no lote 3, foi julgado improcedente. Desta forma. a licitante FACILITA foi a vencedora do lote 3, com o valor total de R$245.934,84.
Em 10/05, CJU orientou pelo desprovimento do recurso administrativo da IMPROL.
Em 06/05 solicitada orientação da CJU em relação ao apontado pela licitante IMPROL sobre a indevida utilização do SIMPLES NACIONAL para composição da planilha de custos pela licitante FACILITA. 
Homologação dos Lotes 1 e 2 (licitantes IMPROL) publicada em 26/04.  No Lote 3 a licitante IMPROL entrou contra a habilitação da licitante FACILITA.
Sessão adiada para 16/04 às 15:00hs, pq os docs originais da licitante IMPROL não tinham sido entregues. Docs foram entregues pelos Correios após a suspensão da sessão.
Próxima sessão no dia 15/04 às 14:00hs.
Na sessão realizada em 09/04, as licitantes IMPROL (lotes 1 e 2) e FACILITA (lote 3) foram habilitadas na análise dos docs anexados no site. Foi aberto o prazo de até 02 (dois) dias úteis para as mesmas entregarem na nossa sede, os documentos originais. 
Na análise dos documentos, verificamos que a licitante IMPROL SERVIÇOS, vencedora dos lotes 1 e 2, foi aprovada, deixando de apresentar somente o Anexo VII do Edital. Em relação ao lote 3 a licitante FACILITA teve sua documentação aprovada, mas não anexou a sua planilha de custos. Necessitamos da análise desta planilha para habilitar a licitante. Será aberto o prazo de mais 01 hora para as licitantes anexarem os documentos que estão faltando, na sessão de hoje (08/04) às 13:00hs.
Na sessão de 03/04, a licitante FACILITA anexou os docs referentes ao lote 3 (item 5). Sessão suspensa até 08/04 às 13:00hs para análise dos docs anexados pelas licitantes. A licitante IMPROL SERVIÇOS já tinha anexado os docs para os lotes 1 e 2.
Sessão suspensa até o dia 01/04 às 10:00hs para abrir novo prazo para a licitante WV10 (item 5), anexar os documentos.
Na sessão realizada em 26/03,a licitante IMPROL SERVIÇOS venceu a etapa de lances nos lotes 1 e 2 com os seguintes valores totais:
Lote 1:  Item 1: R$130.015,08 / Item 2: R$82.704,00
Lote 2:  Item 3: R$41.352,00 / Item 4: R$82.704,00
Em relação ao Lote 3, a licitante ROMA CLEANING venceu com o valor total de R$147.076,44.
Pregão agendado para o dia 26/03 às 10:00hs.
Em 26/02, publicação aprovação condicionado ao voto da CODESP.
Retornado da CODESP em 23/02. 
Em 15/02 publicada autorização da licitação e processo submetido à CODESP.
Como a CJU ratificou que agora é permitida adesão à Atas RP Direta, será solicitado à SUBGCC adesão às Ata RP SUBGCC 11/23 (recepcionista), 12/23 (copeiragem) e 13/24 (serviços gerais) e emitido TR especificado para equipe de atendimento do TAXI.RIO.
Ainda em cotação.
Recebidas propostas da Frontier, WG e Rio Carioca e Vinil Engenharia.  Agd. correção das propostas da WG e Vinil Engenharia e propostas da Star 5 e Medprevent.
Retornado da CODESP em 10/11 com diligencia para ampliação da pesquisa de preços e outras ações assessórias.
Em 16/10 enviado à CODESP.
Em 11/10 encaminhado à PRES para submissão à CODESP.
Em 18/09 será iniciado a cotação eletrônica no Banco de Preços.
Alterado o prazo de contratação no TR por orientação da CJU. Cotação, reiniciada. Recebida 1 proposta que já encaminhada para homologação.
Em 22/08, retornado da CJU. 
  Em 24/07, submissão do Edital à CJU. 
  Após aprovado, instrução para submissão à SUBGCC e à CODESP.",,,N,-,-,-,N/A,N/A,-,-,-,-,-,-,-,-,-,-,-,N/A,5/15/2024,5/17/2024,N/A,5/20/2024,5/24/2024,6/3/2024,6/7/2024,6/7/2024,0,,
,DOP,IPL-PRO-2024/00018,IPL-PRO-2024/00035," PE. 90232/2024
Links Internet PCRJ
Contr. 06/19 - Telefônica até 04/02
Contr. 05/22 - Datacorporte até 14/06 ",Concluído,"Das intenções de recurso interpostas, somente a FNT cadastrou o recurso no item 1. O recurso da FNT foi julgado improcedente, sendo a DATA CORPORE declarada vencedora no item 1, com o valor total de R$ 115.176,00 e a licitante NETWAY declarada vencedora no item 2, com o valor total de R$ 114.960,00.
Na sessão no dia 07/05, as licitantes DATA CORPORE (item 1) e NETWAY (item 2), foram habilitadas nas documentações de habilitação entregues em nossa sede. Houve intenção de recurso da CLARO e FNT (item 1) e da CLARO (item 2). Recurso até 10/05, contra recurso até 15/05 e julgamento até 29/05.
Na sessão de 02/05, a licitante DATA CORPORE (item 1), foi habilitada na análise dos docs anexados no site. Foi aberto o prazo para a mesma entregar na nossa sede os docs físicos. A licitante NETWAY (item 2) já entregou os docs. 
Em 29/04, a licitante BR FIBRA (item 1) foi inabilitada. Convocada a licitante DATA CORPORE e a mesma anexou os docs no site para análise. Foi aberto o prazo de 02 (dois) dias úteis a contar de 30/04 a 02/05 para a licitante NETWAY (item 2), entregar na nossa sede, os docs físicos. 
A licitante NETWAY teve sua doc de habilitação aprovada., mas a licitante FNT (lote 1) foi inabilitada. Convocada a licitante BRFIBRA. Próxima sessão na segunda, dia 29/04 às 14:00hs.
As licitantes FNT - item 1 (VT: R$108.000,00 - VM: R$4.500,00) e NETWAY - item 2 (VT:114.960,00 - VM: R$4.790,00), venceram a etapa de lances. 
Pregão agendado 19/04/24 às 10:00 hs
Aprovação do TR será publicada em 02/04.
Em 27/03, DOP aprovou o TR.
Em 22/03 DOP encaminhou o TR ajustado às considerações da CJU.
Em 20/03 emitida análise da CJU.
Em 07/03 Edital encaminhado para aprovação da CJU.
Procedimentos no SIAFIC e emissão da reserva.
Em 19/02, processo retornado com a homologação do mapa.
Em 08/02 processo enviado à DOP para aprovação do mapa de preços.
Recebidas  propostas das empresas TIM, CLARO e DATACORPORE.
Cotação iniciada em 16/01.
DAF fará pesquisa de Atas de RP e DOP junto ao mercado fornecedor.
TR ajustado emitido em 15/01.   
Em 09/01, análise GT concluída.
Em 07/01, TR emitido.",,,N,-,-,-,N/A,N/A,-,-,-,-,-,-,N/A,-,4/30/2024,5/2/2024,5/7/2024,N/A,5/28/2024,5/15/2024,N/A,5/16/2024,5/22/2024,5/28/2024,6/5/2024,7/5/2024,22,,
,CTP,IPL-PRO-2023/00440,"N/A
Inexigibilidade", Plataforma de Treinamento ALURA,Concluído,"Reserva emitida em 08/05.
Em 06/05, CTP encaminhou processo à DAF com a proposta atualizada para contratação.
Em 16/02, processo encaminhado à CTP informando que a empresa se nega a prestar a garantia contratual e solicitando ratificar a demanda.
Contrato não foi celebrado em 2023 pela ausência da prestação da garantia contratual.  
Em 07/11 publicada aprovação do TR.
TR encaminhado em 06/11 para publicação do DO Rio.
Aguardando o envio do TR após a análise do GT.
TR emitido em 31/08. Em análise pelo GT.",,,Inexib.,-,-,-,N/A,N/A,-,-,-,-,-,-,-,-,-,-,-,-,-,-,-,5/23/2024,5/29/2024,6/6/2024,6/12/2024,-,-,,
,CTP,IPL-PRO-2023/00441,"N/A
Inexigibilidade", Plataforma de Treinamento UDEMY,Concluído,"Reserva emitida em 02/05.
Em 30/04, CTP encaminhou processo à DAF com a proposta atualizada para contratação.
Em 16/02 processo encaminhado à CTP para solicitando ratificar a demanda.
análise do GT.
TR emitido em 31/08. Em análise pelo GT.",,,Inexib.,-,-,-,N/A,N/A,-,-,-,-,-,-,-,-,-,-,-,-,-,-,-,5/23/2024,5/29/2024,6/6/2024,6/12/2024,-,-,,
,DSI,IPL-PRO-2023/00239,IPL-PRO-2024/00032,"nº 90320/2024
PE nº 90206/2024 - revogado
RP Registro de Preços - Créditos em Nuvem",Concluído,"Novo pregão agendado para 20/05.
Pregão cancelado em razão do valor mínimo de redução do preço ofertado estar muito alto.  
Pregão reagendado para o dia 30/04/2024 às 10:00hs.
Pregão suspenso em 05/04 para alteração do Edital com a inclusão das condições para participação de consórcio.
Pregão agendado para 08/04.
Esclarecimentos ao Edital publicados em 01/04.
Em 18/03, emitada nova versão do TR.
Em 13/03 encaminhado ao NCN para esclarecimentos.
Em 12/03 concluída análise da CJU.
Em 29/02 Edital submetido à CJU.
Em 19/02 ao Pregoeiro para elaboração do Edital.
Em 16/2 homologado mapa de pesquisa de preços e solicitada alteração do código de um item no TR.
À área demandante para homologar as propostas: item 1 (AWS) 4 propostas; item 2 (AZURE) - 4 propostas; item 3 (ORACLE) - 5 propostas; item 4 (GOOGLE) - 3 propostas; item 5 (IBM) - 4 propostas. Fazendo pesquisa de ATAS.
Em 11/01 emitida nova versão do TR. Cotação reiniciada em 12/01.
Em 20/12 emitido TR atualizado.
Em 04/12 -  Em cotação.
Em 24/11 TR foi encaminhado para a DAF ( em cotação).
O TR está sendo atualizado, considerando que o TCM recentemente disponibilizou um com basicamente os mesmos objetos.
Inserido DFD e  ETP.
  GT em 30/08.
  TR emitido em 24/08.",,,N,-,-,-,N/A,N/A,-,-,-,-,-,-,N/A,-,5/20/2024,5/21/2024,5/24/2024,N/A,6/18/2024,6/20/2024,6/26/2024,-,-,-,-,-,-,,
,DOP,IPL-PRO-2023/00465,IPL-PRO-2023/00482,"PE 90242/2024 
PE 90076/2024-revogado
RP Circuitos de Dados para Administração Indireta",Concluído,"A sessão foi adiada para o dia 21/05 às 14:00hs, para a continuação da análise da documentação técnica.
A licitante NETWAY (lote 1) foi inabilitada tecnicamente. Foi convocada a CLARO que anexou os documentos no site para análise. 
A  licitante DATA CORPORE (lote 1) foi inabilitada tecnicamente. Foi convocada a licitante NETWAY (lote 1) que anexou os documentos para análise. Foi aberto o prazo de até 02 (dois) dias úteis a contar de 09/10 a 10/10 para a licitante DATA CORPORE (lote 2) entregar os docs físicos na nossa sede. Próxima sessão no dia 13/05 às 14:00hs.
Por motivo de análise de documentos e de diligência na documentação técnica da licitante DATA CORPORE (lote 1), a DOP solicitou o adiamento da sessão para segunda, dia 06/05 às 14:00hs.
A licitante DATA CORPORE (lote 2 - valor total de R$188.160,00) e  licitante FNT (lote 1 - VT: R$1.351.200,00), anexaram os documentos para análise. Próxima sessão na terça, dia 30/04 às 14:00hs.
Novo pregão agendado para o dia 24/04 às 10:00hs.
Em 20/03, propostas revalidadas e aprovadas pela DOP.
Em 12/03, processo retornado da DOP com a retificação do Anexo II.
Em 11/03 processo retornado à DOP para retificar o TR.
Pregão  revogado na fase de habilitação, tendo em vista que foi constatado um erro material no modelo de proposta - Anexo II do Termo de Referência que comprometeu a composição dos va-lores de referência para a licitação.
Sessão adiada para o dia 07/03 às 14:00hs para analisar os valores da proposta vencedora.
A licitante DATA CORPORE enviou o doc que estava faltando. Sessão suspensa até dia 05/03 às 14:00hs para análise dos valores apresentados na proposta de preços.
Na sessão de 27/02, a licitante DATA CORPORE venceu os dois lotes. Sessão suspensa até 01/03 às 14:00hs para análise dos docs de habilitação.
Agendado para o dia 27/02 às 10:00hs.
Em 05/02 publicada aprovação do TR.
Em 01/02 emitido TR ajustado.
Em 22/01 enviado à DOP para atender despacho CJU.
Em 12/01 emitida análise da CJU.
Em 28/12, Edital enviado para aprovação da CJU",,"R$ 0,00",N,-,-,-,N/A,N/A,-,-,-,-,-,-,N/A,-,-,4/30/2024,5/21/2024,N/A,6/13/2024,6/17/2024,N/A,6/18/2024,6/24/2024,6/28/2024,7/4/2024,7/11/2024,5,,
,CTP,IPL-PRO-2024/00257,"N/A
Dispensa",Extintores de Incêndio para a nova sede,Cancelado,"Em 09/05/24: As propostas das empresas EDS, Montreal e VixTeam foram devolvidas para alteração do prazo de vigência de 12 para 24 meses e correção de alguns valores.
Comprovação análise GT inserida em 02/05.
TR ajustado emitido em  25/04.
TR emitido em 16/04 e analisado pela DAF na mesma data.
TR analisado pela CJU em 15/04.",,,S,4/16/2024,4/25/2024,5/2/2024,N/A,N/A,5/21/2024,5/22/2024,N/A,N/A,N/A,N/A,N/A,N/A,N/A,N/A,N/A,N/A,N/A,N/A,N/A,5/23/2024,N/A,5/29/2024,N/A,6/7/2024,5,,
,DAF,IPL-PRO-2024/00259,"N/A
Dispensa",Acessórios de higienie,Concluído,"Em cotação.
TR emitido em 17/04 para análise da CJU e analisado na mesma data.",,,S,4/17/2024,4/17/2024,4/19/2024,N/A,N/A,5/21/2024,5/22/2024,N/A,N/A,N/A,N/A,N/A,N/A,N/A,N/A,N/A,N/A,N/A,N/A,N/A,5/23/2024,N/A,5/29/2024,N/A,6/7/2024,5,,
,DOP,IPL-PRO-2024/00277,"N/A
Dispensa",Estantes em aço,Contratado por SDP,"Recebidas duas cotações.
Em 15/05, TR encaminhado para cotação.
Em 10/05, TR emitido para análise do GT.",,,S,5/10/2024,5/16/2024,5/15/2024,N/A,N/A,5/24/2024,5/27/2024,N/A,N/A,N/A,N/A,N/A,N/A,N/A,N/A,N/A,N/A,N/A,N/A,N/A,5/28/2024,N/A,6/5/2024,N/A,6/12/2024,5,,
,DAF,IPL-PRO-2024/00281,,Software de acesso biométrico para controle das portas das salas da nova sede no CCN,Concluído,Abrir processo,,,Inexib.,,,,,,,,,,,,,,,,,,,,,,,,,,,,
,ACS,??,"N/A
Dispensa",Buffet inauguração nova sede,Cancelado,Em elaboração pela ACS,,,S,,,,,,,,,,,,,,,,,,,,,,,,,,,,
,DOP,??,"N/A
Dispensa",Reforma da sala 307 - SL2 Anexo,Cancelado,"Agd. aprovação do CASS para continuidade da contratação, mas o CASS fará as intervenções mais emergencias como transferencia da caixa de entrada de microcomputadores, instalação de divisória para criação da sala dos micros e troca da porta de um dos depósitos no primeira garagem.
Em 10/05, TR emitido para análise da CJU.",,,S,5/10/2024,,,,,,,,,,,,,,,,,,,,,,,,,,,
,DAF,IPL-PRO-2024/00258,"N/A
Dispensa",Mobiliário para as copas,Cancelado,"Em cotação,
Em 02/05 emitido TR ajustado.
Em 30/04, TR analisado pela CJU.
TR emitido em 29/04 para análise da CJU",,,S,,,,,,,,,,,,,,,,,,,,,,,,,,,,
,ACS,??,"N/A
Dispensa",Materiais para eventos externos,Suspenso,"Demanda suspensa em 30/04.
Em 20/03, TR analisado pela CJU.
Em 12/03, TR analisado pela DAF.
Em 11/03, TR emitido.",,,S,3/12/2024,3/20/2024,3/25/2024,N/A,N/A,,,,,,,,,,,,,,,,,,,,,,,
,DAF,IPL-PRO-2024/00260,"N/A
Dispensa","Solução de Controle de Patrimônio
Contrato terminará em 20/07/24",Contratação,"Conttrato celebrado em 19/07.
TR emitido em 02/04 e analisado pela DAF em 03/04.",,,N,-,-,-,N/A,N/A,-,-,-,-,-,-,N/A,-,-,-,-,N/A,-,-,N/A,-,-,7/12/2024,7/19/2024,7/26/2024,5,,
,DOP,IPL-PRO-2024/00131 ,"N/A
Dispensa",AQUISIÇÃO DE DISCO(S) RÍGIDOS PARA SUBSISTEMA DE ARMAZENAMENTO,Contratação,"Caução prestada em 04/07 e Ordem de Serviço emitida em 12/07.
Em cotação.
Em 04/04 DOP esclareceu os comentários da CJU.
TR analisado pela CJU em 05/04.
TR ajustado emitido em 02/04.
TR emitido em 27/03 e analisado pela DAF na mesma data.",,,S,-,-,-,N/A,N/A,-,-,N/A,N/A,N/A,N/A,N/A,N/A,N/A,N/A,N/A,N/A,N/A,N/A,N/A,-,7/12/2024,-,N/A,8/13/2024,22,,
,DOP,IPL-PRO-2023/00408,IPL-PRO-2023/00446,"PE 90519/2024 
RP Armazenamento e Backup",Ata RP,"Ata RP assinada em 26/07.
Termo de julgamento e habilitação e homologação saíram publicados em 25/07. Solicitando dados para a elaboração da Ata de RP.
Na sessão realizada ontem, a licitante SCANSOURCE venceu a etapa de lances nos três lotes, com os seguintes valores:
1 - VU: R$13.500,00 - VT: R$2.700.000,00
2 - 1- VU: R$2.780.000,00 - VT: R$2.780.000,00
2- VU: R$2.600.000,00 - VT: R$10.400.000,00
3 - VU: R$3.360.000,00 - VT: R$3.360.000,00
VU (valor unitário) VT (valor total)
A sessão foi suspensa para análise dos documentos anexados no site e retornará no dia 24/07 às 14:00hs. A licitante SCANSOURCE adiantou a documentação da homologação técnica para análise.
Sessão agendado para o dia 17/07/24 às 10:00hs.
Enviada nova versão do Termo de Referência pela DOP para realização de nova cotação em 25/04/24.
A DOP solicitou a suspensão do Pregão. 
Pregão agendado para 05/04.
Em 11/03 à DOP para edição do TR.
Em 20/02 ao Pregoeiro para alterar Edital e publicar Pregão. 
Em 19/02 DOP homologou as propostas.
Em 07/02 proposta encaminhadas para homologação da DOP.
Em 06/02 proposta da Qualise e Netcenter.
Em 05/02 proposta corrigida da IBS.
Em 26/01/24, propostas das empresas STORBACK e APSITECH.
Em 12/01, reiniciada cotação.
Em 10/01, DOP emitiu novo TR alterando para RP.
Em 08/01, emitida análise da CJU.
Em 04/12 edital será encaminhado para CJU.
 Em 24/11 homologações das Atas pela DOP/GIT.
Em 14/11 TR atualizado.
Em 09/11 processo à DOP  para aprovação de preços de Atas RP.
Até 31/10, obtidas três propostas que serão encaminhadas para homologação da DOP.
.Cotação iniciada em 15/09.
Em 13/09, TR ajustado após o GT realizado em 05/09.
TR emitido em 31/08 e GT agendado para 05/09.
 IPL-EIO-2023/00009 - R$12.973.719 - 31/08 SUPOR
  Em 08/08, SMFP decidiu transferir a licitação e orçamento para a IPLANRIO.
",PNAFM,"R$ 5.650.000,00",N,-,-,-,N/A,N/A,-,-,-,-,-,-,N/A,-,-,7/24/2024,7/29/2024,N/A,N/A,7/25/2024,7/29/2024,N/A,N/A,N/A,N/A,N/A,N/A,09/01/00,
,DAF,IPL-PRO-2024/00409,"N/A
Dispensa",AQUISIÇÃO DE AÇÚCAR E CAFÉ ,Contratação,"OF emitida em 02/08.
Nova reserva emitida em 29/07.
Reserva emitida em favor da empresa  F.Pereira cancelada porque a empresa não atende ao TR. Nova reserva será emitida em favor da empresa Somos 3. 
Cotação iniciada em 08/07 e concluída em 17/07.  
TR emitido em 02/07 e atualizado em 05/07.",,,S,-,-,7/5/2024,N/A,N/A,7/17/2024,7/18/2024,N/A,N/A,N/A,N/A,N/A,N/A,N/A,N/A,N/A,N/A,N/A,N/A,N/A,7/29/2024,8/1/2024,N/A,8/7/2024,N/A,8/14/2024,04/01/00,
,DAF,IPL-PRO-2024/00410,"N/A
Dispensa",Solução CFTV para o CCN,Contratação,"Empenho emitido em 01/08.
Reserva emitida em 26/07.
Cotação iniciada em 18/07.
TR elaborado em 12/07,analisado pela CJU em 17/07 e atualizado em 18/07.",,,S,-,-,7/15/2024,N/A,N/A,7/24/2024,7/25/2024,N/A,N/A,N/A,N/A,N/A,N/A,N/A,N/A,N/A,N/A,N/A,N/A,N/A,7/26/2024,7/31/2024,N/A,8/6/2024,N/A,8/20/2024,09/01/00,
,TAXI.RIO,IPL-PRO-2024/00091,IPL-PRO-2024/00115,"PE nº 90358/2024
Mensagens SMS. Contrato 06/22 termina em 14/08/24",Contratação,"Contrato 21/2024 emitido em  07/08.
Retornado da CJU em 02/08.
Em 30/07, contrato enviado à CJU para aprovação. 
Agd. prestação da garantia contratual.
Definido início dos serviços em 07/08/24.
Pregão vencido pela SAGO GLOBAL SOLUCOES EMTECNOLOGIAS LTDA
Pregão agendado para 28/05 às 10h.
Em 30/04, resposta da área demandante.
Em 15/04, encaminhado ao demandante para atender as orientações da CJU.
Em 04/04 emitida análise da CJU.
Em 20/03 Edital submetido à CJU.
Em 12/03 ao Pregoeiro para elaboração do Edital.
Em 11/03, três propostas homologadas.
Em 01/03, TR aprovado pela CJU.
Em 29/02, TR ajustado aprovado pela DAF.
Em 28/02, TR analisado pela CJU.
Em 27/02, TR emitido e análisado pela DAF. ",,,N,-,-,-,N/A,N/A,-,-,-,-,-,-,-,-,-,-,-,-,-,-,-,7/18/2024,7/23/2024,7/30/2024,8/2/2024,8/8/2024,8/7/2024,30/12/99,
,DPN,IPL-PRO-2024/00387,"N/A
Dispensa"," 7 (sete) licenças perpétuas para o SGBD OpenBase, utilizado no produto ProntuaRIO ",Contratação,"Empenho emitido em 07/08.
Em 01/08 solicitada emissão do empenho.
Reserva emitida em 29/07.
Valor unitário das licenças:R$23.800,00   -  Valor total para 07(sete) licenças: R$166.600,00.",,,Inexibilidade,,,7/15/2024,N/A,N/A,-,-,N/A,N/A,N/A,N/A,N/A,N/A,N/A,N/A,N/A,N/A,N/A,N/A,N/A,7/29/2024,8/1/2024,8/7/2024,8/13/2024,N/A,8/20/2024,04/01/00,
,DAF,IPL-PRO-2024/00406,"N/A
Dispensa",Projeto de proteção contra incêndios para o CCN,Contatação,"Autorização da contratação publicada em 05/08.
Cotação iniciada em 16/07.
Em 28/06, TR encaminhado para análise da CJU, analisado em 15/07.",,,S,-,-,7/15/2024,N/A,N/A,8/5/2024,8/6/2024,N/A,N/A,N/A,N/A,N/A,N/A,N/A,N/A,N/A,N/A,N/A,N/A,N/A,8/5/2024,8/8/2024,N/A,8/14/2024,N/A,11/18/2024,06/03/00,
,DAF,IPL-PRO-2024/00414,"N/A
Dispensa",Material de expediente,Contratação,"Reservas emitidas em 08/08. Agd. emissão do empenho.
Cotação iniciada em 23/07.
TR emitido em 22/07 e analisado pela DAF na mesma data.",,,S,7/22/2024,7/26/2024,7/23/2024,N/A,N/A,8/13/2024,8/14/2024,N/A,N/A,N/A,N/A,N/A,N/A,N/A,N/A,N/A,N/A,N/A,N/A,N/A,8/15/2024,8/20/2024,N/A,8/26/2024,N/A,9/9/2024,09/01/00,
,DOP,"??
IPL-MEM-2024/00366","N/A
Dispensa",Kit Access Point e Injetor de sinal para as salas do CCN,Suspensa,"Em 25/07 contratação suspensa pela DOP.
Em 15/07 solicitado ratificar a necessidade da demanda.
Em cotação.
Em 29/04, ETP e análise do GT anexados para início da cotação.
TR analisado pela CJU em 16/04 e ajustado em 19/04 pelo IPL-MEM-2024/00366.  Retornado á DOP em 24/04 para inserção da ETP e da comprovação da análise pelo GT.
TR emitido em 25/03 para análise pela CJU.",,,S,,,,,,,,,,,,,,,,,,,,N/A,,,,,,,,
,DPN,"??
IPL-MEM-2024/00261",??,"GTIS2-GP ÁGIL 
(desenvolvimento e manutenção)",TR,"Em 25/07 demanda cancelada pela DPN.
Em 24/06 solicitado ratificar a necessidade da demanda,
Agd. emissão do TR ajustado.
TR analisado pela CJU em 18/04.
TR analisado pela DAF em 04/04.
TR emitido em 04/04 para análise pelo GT.",,,N,,,,,,,,,,,,,,,,,,,,N/A,,,,,,,,
,ACS,IPL-PRO-2024/00269,"N/A
Dispensa",Materiais institucionais,Cotação,"Em 05/08 demanda cancelada pela ACS.
Em 17/05 processo retornado à ACS para adequação da instrução processual.
Em 13/05, processo retornado para a ACS adequar as cotações nos moldes exigidos pela PCRJ
Cotação concluída em 10/05
Em 20/03, TR analisado pela CJU.
Em 12/03, TR analisado pela DAF.
Em 11/03, TR emitido.
",,,S,,,,,,,,,,,,,,,,,,,,N/A,,,,,,,,
,DAF,IPL-PRO-2024/00162,"N/A
Dispensa",Sistema Operacional para Notebooks (contigência),Contratação,"Diretoria decidiu cancelar a contratação.
Cotação concluída em 16/07/24
Em 10/04 emitido TR atualizado.
Em 08/04, TR analisado pela CJU.
TR emitido em 21/03 e submetido à CJU.
Em 15/03, esclarecidos questionamentos da DPN para elaboração do TR.",,,S,-,-,-,N/A,N/A,7/16/2024,7/17/2024,N/A,N/A,N/A,N/A,N/A,N/A,N/A,N/A,N/A,N/A,N/A,N/A,N/A,N/A,7/18/2024,7/23/2024,N/A,7/24/2024,N/A,31/07/24,04/01/00
,CTP,IPL-PRO-2023/00270,IPL-PRO-2023/00290,"Serviço de Admin. de Estágio
demanda aprovação pela CODESP",Suspenso,"Em 16/10/23, retornado da CODESP solicitando estudo do impacto financeiro na contratação direta versus contratação por agente.
Em 03/10 encaminhado à CODESP.
Em 29/09, retornado da CJU com solicitação de alteração de item do Edital e da minuta de contrato, declaração de adequação orçamentária,  correção de  um valor no mapa de pesquisa para envio à CODESP.
Encaminhado à CJU em 20/09.
TR aprovado em 18/09, publicação em 20/09.",,,N,,,,,,,,,,,,,,,,,,,,N/A,,,,,,,,
,DSI,IPL-PRO-2022/00456,IPL-PRO-2022/00484,"PE nº 90373/2024
RP Estações de Trabalho Adm. Indireta
",Pregão,"Atas de RP assinadas. Ata 005/2024 publicada em 16/08/2024. 
Em 05/08, Atas enviadas para POSITIVO, DATEN e DRIVE A para assinatura.
A licitante DRIVE A entrou com a contrarrazão contra o recurso interposto pela licitante DATEN (item 3). Julgamento até 05/08.
Somente a DATEN (item 3), entrou com recurso contra a homologação técnica da licitante DRIVE A. 
Na sessão realizada em 12/07, a licitante NOGUEIRA INFORMÁTICA aceitou tb a cota de 5% do item 3, mas foi inabilitada nos três itens. Como não tem mais nenhuma ME/ EPP interessada nas cotas de 5%, as quantidades totais serão adjudicadas às licitantes vencedoras dos itens. Foi aberta a intenção de recurso e houve intenção para os itens 2 (POSITIVO) e 3 (DATEN, PRIMESTORE E TREER). Recurso até 17/07, contra recurso até 22/07 e julgamento até 05/08.

Pregão agendado para 05/06 às 10h.
Em 09/05,  Pregoeiro indica ausência da comprovação de análise pelo GT.
Encaminhado à DSI em 18/04 para atender exigencias da CJU. Retornado em 08/05.
Edital submetido à CJU em 02/04 e retornado em 16/04. 
Em 19/03 ao Pregoeiro para elaboração do Edital.
Cotação concluída em 18/03.
Em 08/03 processo enviado para homologação da cotação.
Recebida proposta da empresa Netcenter.
Pendente envio datasheets pelas empresas Interimagem e Base Tecnológica.
DOP solicitou os manuais e datasheets dos modelos cotados. 
Em 27/11  -  Devolvido para DPN/GPT a pedido do Jose Renato para ajuste no TR.
Aguardando DSI definir se vai alterar o TR e se será necessária nova cotação de preços.
Agd. TR ajustado em razão da contratação do ITSM.
Em 31/10 processo à DSI para aprovação do novo mapa de pesquisa de preços. 
Em 20/10 encaminhado para o José Renato validar o Mapa de Pesquisa.
Em razão do a devido ao aumento de quantitativo e a perda da validade de algumas proposta, será necessário refazer a pesquisa de preços. Após  será cancelada a reserva, ajustada a SD e emitida nova reserva.
Em 19/10, resposta da DPN. 
Em 18/10, retornado à DPN para informar se as alterações impactam a pesquisa de preços. Retornado em 19/10.
Em 17/10 emitido esclarecimentos e novo TR.
Em 12/09 encaminhado  à GTP para esclarecimentos solicitados pela CJU.
Em 31/08, Edital encaminhado para aprovação da CJU.
  Em 21/08/2023 DPN emitiu a justificativa técnica, sobre os questionamentos do TCMRJ, mas retornado para aprovação da última versão do TR para submissão do Edital à CJU.
  Em 11/08 inserida nova versão do TR aumentando a demanda para a RIOEVENTOS.",PNAFM,"R$ 898.903,00",N,-,-,-,N/A,N/A,-,-,-,-,-,-,-,-,-,-,-,-,7/26/2024,7/30/2024,8/5/2024,8/16/2024,-,N/A,-,-,-,-,-
,DSI,IPL-MEM-2024/00672,,Registro de preços para aquisição de serviço de Outsourcing de Impressão para a Adminitração Direta,TR,"Memorando arquivado pela DSI.
TR encaminhado à DAF em 05/08. Retornado à DSI para inserção do Termo de Referência (TR) atualizado e devidamente assinado, com a concordância do Grupo de Trabalho (GT);  Estudo Técnico Prelimitar (ETP) atualizado e assinado e Levantamento de demanda por órgãos consolidados. ",,,N,-,-,-,-,-,-,-,-,-,-,-,-,-,-,-,-,-,-,-,-,-,-,-,-,-,-,-,-
,DSI,IPL-MEM-2024/00673,,Registro de preços para aquisição de serviço de Outsourcing de Impressão para a Adminitração Indireta,TR,"Memorando arquivado pela DSI.
TR encaminhado à DAF em 05/08. Retornado à DSI para inserção do Termo de Referência (TR) atualizado e devidamente assinado, com a concordância do Grupo de Trabalho (GT);  Estudo Técnico Prelimitar (ETP) atualizado e assinado e Levantamento de demanda por órgãos consolidados. ",,,N,-,-,-,-,-,-,-,-,-,-,-,-,-,-,-,-,-,-,-,-,-,-,-,-,-,-,-,-
,CTP,IPL-PRO-2024/00442,"N/A
Dispensa",Impressão de crachás,Contratação,"Empenho emitido em 28/08.
Reserva emitida em 22/08.
TR atualizado emitido em 13/08.
TR emitido em 12/08 para análise pelo GT.",,,S,-,-,-,N/A,N/A,-,-,-,-,-,-,N/A,-,-,-,-,N/A,-,-,N/A,N/A,8/22/2024,8/27/2024,9/2/2024,9/6/2024,9/12/2024,23/09/24,06/01/00
,DAF,IPL-PRO-2024/00074,IPL-PRO-2024/00075,Serviços Contábeis,TR,"Em 02/09 definido que o escopo do TR será refeito pela CTFI.                                                                                        Agd. TR ajustado.
Em razão da disparidade dos preços propostos, agendada Consulta Pública para 01/08.
Em 15/07, retomada a cotação.
Em 26/03, uma cotação indeferida em razão do alto valor.
Em 20/03, resposta ao questionamento sobre a volumetria dos serviços a serem prestados.
Em 14/03, homologada uma proposta e indeferida segunda proposta.
Em 04/03, TR ajustado para inserção de esclarecimentos demandados por um fornecedor.
Em 23/02, processo autuado e encaminhado para cotação.
Em 21/02 enviado TR ajustado com a contribuição da CTFI e CTP.
Em 15/02 encaminhado TR ajustado após análise da CJU à CTFI para dimensionar a demanda dos serviços e à CTP para inserção de eventuais demandas.
Em 12/01 TR submetido à CJU para análise.",,,N,-,-,7/15/2024,8/1/2024,8/5/2024,8/26/2024,8/27/2024,8/29/2024,9/4/2024,9/10/2024,9/12/2024,N/A,9/16/2024,9/30/2024,10/1/2024,10/4/2024,N/A,10/25/2024,10/30/2024,11/1/2024,11/7/2024,10/31/2024,11/5/2024,11/11/2024,11/18/2024,11/25/2024,02/12/24,04/01/00
,DSI,"??
IPL-MEM-2024/00616",??,Mentoria em Medição de Software,TR,"Em 10/09 encaminhado à CTP para os devidos tramites.
Em 09/09 TR ajustado encaminhado à DAF pelo IPL-MEM-2024/00616.
TR ajustado emitido em 12/07.  Agd. remessa para a DAF iniciar a cotação.
TR emitido em 01/07, analisado pela DAF em 03/07 e pela CJU en 04/07.",,,S,7/1/2024,7/4/2024,7/8/2024,N/A,N/A,7/29/2024,7/30/2024,N/A,N/A,N/A,N/A,N/A,N/A,N/A,N/A,N/A,N/A,N/A,N/A,N/A,N/A,7/31/2024,8/5/2024,N/A,8/9/2024,N/A,23/08/24,09/01/00
,DOP,IPL-PRO-2024/00480,"N/A
Dispensa",Link de Internet de 200M com serviço de Firewall para o Palácio Oeste,Contratação,"Em 06/09, TR emitido para análise do GT, concluída no mesmo dia.",,,S,9/6/2024,9/6/2024,9/6/2024,N/A,N/A,9/9/2024,9/10/2024,-,-,-,-,N/A,-,-,-,-,N/A,-,-,N/A,N/A,9/11/2024,9/16/2024,9/20/2024,9/26/2024,10/2/2024,11/10/24,06/01/00
,DSI,IPL-PRO-2024/00180,IPL-PRO-2024/00184,RP Ateliê de Software Maker,Edital,"Contratação suspensa pela Diretoria.
Em 26/7 Edital submetido à CJU e retornado em 30/09.
Em 23/07 ao Pregoeiro para elaboração do Edital.
Em 12/06 cotação reiniciada pela atualização do TR.
Em 21/03 inserido TR ajustado .
Processo autuado em 20/03 para inserção do TR ajustado.
Em 12/03, emitido o TR e analisado pela DAF e CJU.",,,N,3/12/2024,3/12/2024,6/12/2024,N/A,N/A,7/3/2024,7/4/2024,7/26/2024,7/26/2024,8/1/2024,8/5/2024,8/19/2024,8/21/2024,9/4/2024,9/5/2024,9/10/2024,N/A,10/1/2024,10/3/2024,10/7/2024,10/11/2024,-,N/A,-,-,-,-,-
,CTP,IPL-PRO-2024/00416,"N/A
Dispensa",Manutenção Extintores do Anexo,Contratação,"Empenho emitido em 23/09 e encaminhado à Contratada em 24/09.
Em 10/09 propostas avalidas pela CTP.
Em 09/09 encaminhadas 5 propostas corrigidas para validação.
Oito propostas avaliadas em 30/08
Em 09/08, TR alterado.
TR ajustado emitido em 25/07.
TR emitido em 23/07 e analisado pela CJU e DAF na mesma data.",,,S,7/23/2024,7/23/2024,8/9/2024,N/A,N/A,9/13/2024,9/16/2024,N/A,N/A,N/A,N/A,N/A,N/A,N/A,N/A,N/A,N/A,N/A,N/A,N/A,N/A,9/17/2024,9/20/2024,N/A,9/26/2024,N/A,10/10/24,09/01/00